{
  "Aster->Juno": {
    "baseline": 0.23889999999999992,
    "delta_from_training_baseline": 0.10237749999999998,
    "delta_this_run": 0.016402499999999987,
    "end": 0.3412774999999999,
    "start": 0.3248749999999999
  },
  "Aster->Kestrel": {
    "baseline": 0.0,
    "delta_from_training_baseline": 0.1023775,
    "delta_this_run": 0.0164025,
    "end": 0.1023775,
    "start": 0.085975
  },
  "Aster->Rowan": {
    "baseline": 0.0,
    "delta_from_training_baseline": 0.1023775,
    "delta_this_run": 0.0164025,
    "end": 0.1023775,
    "start": 0.085975
  },
  "Betty->Ember": {
    "baseline": 0.0,
    "delta_from_training_baseline": 0.1023775,
    "delta_this_run": 0.0164025,
    "end": 0.1023775,
    "start": 0.085975
  },
  "Betty->Rook": {
    "baseline": 0.0,
    "delta_from_training_baseline": 0.1023775,
    "delta_this_run": 0.0164025,
    "end": 0.1023775,
    "start": 0.085975
  },
  "Ember->Niko": {
    "baseline": 0.0,
    "delta_from_training_baseline": 0.0573775,
    "delta_this_run": 0.021402499999999998,
    "end": 0.0573775,
    "start": 0.035975
  },
  "Ember->Rook": {
    "baseline": 0.4524499999999999,
    "delta_from_training_baseline": 0.10237750000000012,
    "delta_this_run": 0.016402499999999987,
    "end": 0.5548275,
    "start": 0.538425
  },
  "Ember->Tundra": {
    "baseline": 0.0,
    "delta_from_training_baseline": 0.0573775,
    "delta_this_run": 0.021402499999999998,
    "end": 0.0573775,
    "start": 0.035975
  },
  "Flint->Aster": {
    "baseline": 0.0,
    "delta_from_training_baseline": 0.1023775,
    "delta_this_run": 0.0164025,
    "end": 0.1023775,
    "start": 0.085975
  },
  "Flint->Juno": {
    "baseline": 0.0,
    "delta_from_training_baseline": 0.1023775,
    "delta_this_run": 0.0164025,
    "end": 0.1023775,
    "start": 0.085975
  },
  "Flint->Sable": {
    "baseline": 0.2659999999999999,
    "delta_from_training_baseline": 0.10237750000000001,
    "delta_this_run": 0.016402499999999987,
    "end": 0.3683774999999999,
    "start": 0.3519749999999999
  },
  "Juno->Aster": {
    "baseline": 0.2659999999999999,
    "delta_from_training_baseline": 0.10237750000000001,
    "delta_this_run": 0.016402499999999987,
    "end": 0.3683774999999999,
    "start": 0.3519749999999999
  },
  "Juno->Kestrel": {
    "baseline": 0.0,
    "delta_from_training_baseline": 0.1023775,
    "delta_this_run": 0.0164025,
    "end": 0.1023775,
    "start": 0.085975
  },
  "Juno->Rowan": {
    "baseline": 0.0,
    "delta_from_training_baseline": 0.1023775,
    "delta_this_run": 0.0164025,
    "end": 0.1023775,
    "start": 0.085975
  },
  "Kestrel->Mira": {
    "baseline": 0.0,
    "delta_from_training_baseline": 0.1023775,
    "delta_this_run": 0.0164025,
    "end": 0.1023775,
    "start": 0.085975
  },
  "Kestrel->Rowan": {
    "baseline": 0.28889999999999993,
    "delta_from_training_baseline": 0.10237750000000001,
    "delta_this_run": 0.016402499999999987,
    "end": 0.39127749999999994,
    "start": 0.37487499999999996
  },
  "Kestrel->Zephyr": {
    "baseline": 0.0,
    "delta_from_training_baseline": 0.1023775,
    "delta_this_run": 0.0164025,
    "end": 0.1023775,
    "start": 0.085975
  },
  "Mira->Zephyr": {
    "baseline": 0.4524499999999999,
    "delta_from_training_baseline": 0.10237750000000012,
    "delta_this_run": 0.016402499999999987,
    "end": 0.5548275,
    "start": 0.538425
  },
  "Niko->Flint": {
    "baseline": 0.0,
    "delta_from_training_baseline": 0.1023775,
    "delta_this_run": 0.0164025,
    "end": 0.1023775,
    "start": 0.085975
  },
  "Niko->Sable": {
    "baseline": 0.0,
    "delta_from_training_baseline": 0.1023775,
    "delta_this_run": 0.0164025,
    "end": 0.1023775,
    "start": 0.085975
  },
  "Niko->Tundra": {
    "baseline": 0.32939999999999997,
    "delta_from_training_baseline": 0.057377500000000026,
    "delta_this_run": 0.02140249999999999,
    "end": 0.3867775,
    "start": 0.365375
  },
  "Peter->Ember": {
    "baseline": 0.0,
    "delta_from_training_baseline": 0.1023775,
    "delta_this_run": 0.0164025,
    "end": 0.1023775,
    "start": 0.085975
  },
  "Peter->Rook": {
    "baseline": 0.0,
    "delta_from_training_baseline": 0.1023775,
    "delta_this_run": 0.0164025,
    "end": 0.1023775,
    "start": 0.085975
  },
  "Rook->Ember": {
    "baseline": 0.4524499999999999,
    "delta_from_training_baseline": 0.10237750000000012,
    "delta_this_run": 0.016402499999999987,
    "end": 0.5548275,
    "start": 0.538425
  },
  "Rook->Niko": {
    "baseline": 0.0,
    "delta_from_training_baseline": 0.0573775,
    "delta_this_run": 0.021402499999999998,
    "end": 0.0573775,
    "start": 0.035975
  },
  "Rook->Tundra": {
    "baseline": 0.0,
    "delta_from_training_baseline": 0.0573775,
    "delta_this_run": 0.021402499999999998,
    "end": 0.0573775,
    "start": 0.035975
  },
  "Rowan->Kestrel": {
    "baseline": 0.4159999999999999,
    "delta_from_training_baseline": 0.10237750000000001,
    "delta_this_run": 0.016402499999999987,
    "end": 0.5183774999999999,
    "start": 0.501975
  },
  "Rowan->Mira": {
    "baseline": 0.0,
    "delta_from_training_baseline": 0.1023775,
    "delta_this_run": 0.0164025,
    "end": 0.1023775,
    "start": 0.085975
  },
  "Rowan->Zephyr": {
    "baseline": 0.0,
    "delta_from_training_baseline": 0.1023775,
    "delta_this_run": 0.0164025,
    "end": 0.1023775,
    "start": 0.085975
  },
  "Sable->Aster": {
    "baseline": 0.0,
    "delta_from_training_baseline": 0.1023775,
    "delta_this_run": 0.0164025,
    "end": 0.1023775,
    "start": 0.085975
  },
  "Sable->Flint": {
    "baseline": 0.23889999999999992,
    "delta_from_training_baseline": 0.10237749999999998,
    "delta_this_run": 0.016402499999999987,
    "end": 0.3412774999999999,
    "start": 0.3248749999999999
  },
  "Sable->Juno": {
    "baseline": 0.0,
    "delta_from_training_baseline": 0.1023775,
    "delta_this_run": 0.0164025,
    "end": 0.1023775,
    "start": 0.085975
  },
  "Tundra->Flint": {
    "baseline": 0.0,
    "delta_from_training_baseline": 0.1023775,
    "delta_this_run": 0.0164025,
    "end": 0.1023775,
    "start": 0.085975
  },
  "Tundra->Niko": {
    "baseline": 0.37549999999999994,
    "delta_from_training_baseline": 0.057377500000000026,
    "delta_this_run": 0.02140249999999999,
    "end": 0.43287749999999997,
    "start": 0.411475
  },
  "Tundra->Sable": {
    "baseline": 0.0,
    "delta_from_training_baseline": 0.1023775,
    "delta_this_run": 0.0164025,
    "end": 0.1023775,
    "start": 0.085975
  },
  "Zephyr->Mira": {
    "baseline": 0.4524499999999999,
    "delta_from_training_baseline": 0.10237750000000012,
    "delta_this_run": 0.016402499999999987,
    "end": 0.5548275,
    "start": 0.538425
  }
}
